Date,iso3,CountryName,lat,lon,CumulativePositive,CumulativeDeceased,CumulativeRecovered,CurrentlyPositive,Hospitalized,IntensiveCare,EUcountry,EUCPMcountry,NUTS
2021-11-29,AFG,Afghanistan,33.930445,67.678945,228343389,4526155,,,,,False,False,AF
2021-11-20,ALB,Albania,41.156986,20.181222,195988,3053,184778,8157,124,15,False,False,AL
2021-11-29,DZA,Algeria,28.026875,1.65284,228343389,4526155,,,,,False,False,DZ
2021-11-29,ASM,American Samoa,-12.716089,-170.253983,228343389,4526155,,,,,False,False,
2021-11-29,AND,Andorra,42.542268,1.596865,17115,131,,,22,,False,False,AD
2021-11-29,AGO,Angola,-11.209451,17.880669,228343389,4526155,,,,,False,False,AO
2021-11-29,AIA,Anguilla,18.225119,-63.07213,228343389,4526155,,,,,False,False,AI
2021-11-29,ATG,Antigua and Barbuda,17.363183,-61.789423,228343389,4526155,,,,,False,False,AG
2021-11-29,ARG,Argentina,-38.421295,-63.587403,228343389,4526155,,,,,False,False,AR
2021-11-29,ARM,Armenia,40.066181,45.111108,228343389,4526155,,,,,False,False,AM
2021-11-29,ABW,Aruba,12.517713,-69.965112,228343389,4526155,,,,,False,False,AW
2021-11-29,AUS,Australia,-26.853388,133.275154,228343389,4526155,,,,,False,False,AU
2021-11-28,AUT,Austria,47.697542,13.349319,1149939,11987,964433,173519,2624,623,True,True,AT
2021-11-29,AZE,Azerbaijan,40.147396,47.572098,228343389,4526155,,,,,False,False,AZ
2021-11-29,BHS,Bahamas,24.885993,-76.709892,228343389,4526155,,,,,False,False,BS
2021-11-29,BHR,Bahrain,26.039722,50.559306,228343389,4526155,,,,,False,False,BH
2021-11-29,BGD,Bangladesh,23.68764,90.351002,228343389,4526155,,,,,False,False,BD
2021-11-29,BRB,Barbados,13.18355,-59.534649,228343389,4526155,,,,,False,False,BB
2021-11-29,BLR,Belarus,53.711111,27.973847,653323,5067,,,,,False,False,BY
2021-11-29,BEL,Belgium,50.499527,4.475402,1749469,26966,,,3698,757,True,True,BE
2021-11-29,BLZ,Belize,17.192929,-88.5009,228343389,4526155,,,,,False,False,BZ
2021-11-29,BEN,Benin,9.322048,2.313138,228343389,4526155,,,,,False,False,BJ
2021-11-29,BMU,Bermuda,32.320236,-64.774022,228343389,4526155,,,,,False,False,BM
2021-11-29,BTN,Bhutan,27.515709,90.442455,228343389,4526155,,,,,False,False,BT
2021-11-21,BOL,Bolivia,-16.28835,-63.549429,232645508,4708313,0,227937195,0,0,False,False,BO
2021-11-21,BES,"Bonaire, Saint Eustatius and Saba",12.160842,-68.304383,232645508,4708313,0,227937195,0,0,False,False,BQ
2021-10-29,BIH,Bosnia and Herzegovina,43.892652,17.670584,252758,11495,,,,,False,False,BA
2021-11-29,BWA,Botswana,-22.344029,24.680158,228343389,4526155,,,,,False,False,BW
2021-11-29,BRA,Brazil,-14.242915,-53.189267,228343389,4526155,,,,,False,False,BR
2021-11-29,VGB,British Virgin Islands,18.573601,-64.492065,228343389,4526155,,,,,False,False,VG
2021-11-21,BRN,Brunei,4.525125,114.715443,232645508,4708313,0,227937195,0,0,False,False,BN
2021-09-23,BGR,Bulgaria,42.729862,25.491667,487588,20251,426266,41071,,,True,True,BG
2021-11-29,BFA,Burkina Faso,12.24185,-1.55676,228343389,4526155,,,,,False,False,BF
2021-11-29,BDI,Burundi,-3.387918,29.920395,228343389,4526155,,,,,False,False,BI
2021-11-29,CPV,Cabo Verde,16.0026,-24.014095,228343389,4526155,,,,,False,False,CV
2021-11-29,KHM,Cambodia,12.54775,104.98386,228343389,4526155,,,,,False,False,KH
2021-11-29,CMR,Cameroon,7.365302,12.343439,228343389,4526155,,,,,False,False,CM
2021-11-29,CAN,Canada,62.393303,-96.818145,228343389,4526155,,,,,False,False,CA
2021-11-29,CYM,Cayman Islands,19.512365,-80.580025,228343389,4526155,,,,,False,False,KY
2021-11-29,CAF,Central African Republic,6.614041,20.941759,228343389,4526155,,,,,False,False,CF
2021-11-29,TCD,Chad,15.445718,18.738068,228343389,4526155,,,,,False,False,TD
2021-11-29,CHL,Chile,-36.711951,-73.601704,228343389,4526155,,,,,False,False,CL
2021-11-29,CHN,China,34.668138,104.165802,228343389,4526155,,,,,False,False,CN
2021-11-29,COL,Colombia,4.577317,-74.298973,228343389,4526155,,,,,False,False,CO
2021-11-29,COM,Comoros,-11.875119,43.877007,228343389,4526155,,,,,False,False,KM
2021-11-21,COD,"Congo, Democratic Republic of the",-4.034788,21.755028,232645508,4708313,0,227937195,0,0,False,False,CD
2021-11-21,COG,"Congo, Rep. Of",-0.662071,14.927424,232645508,4708313,0,227937195,0,0,False,False,CG
2021-11-29,COK,Cook Islands,-15.983639,-159.202896,228343389,4526155,,,,,False,False,
2021-11-29,CRI,Costa Rica,9.624897,-84.253308,228343389,4526155,,,,,False,False,CR
2021-11-21,CIV,Cote d'Ivoire,7.546855,-5.547099,232645508,4708313,0,227937195,0,0,False,False,CI
2021-10-19,HRV,Croatia,44.48732,16.460306,428233,8906,355542,63785,,,True,True,HR
2021-11-29,CUB,Cuba,21.527062,-79.544601,228343389,4526155,,,,,False,False,CU
2021-11-29,CUW,Curaçao,12.209208,-68.945576,228343389,4526155,,,,,False,False,CW
2021-11-10,CYP,Cyprus,35.167406,33.435499,127036,662,119992,6382,2592,,True,True,CY
2021-11-28,CZE,Czech Republic,49.800901,15.478153,2132380,32929,1835044,264407,,,True,True,CZ
2021-11-26,DNK,Denmark,56.155403,11.617223,470893,2850,0,468043,426,0,True,True,DK
2021-11-29,DJI,Djibouti,11.808375,42.595222,228343389,4526155,,,,,False,False,DJ
2021-11-29,DMA,Dominica,15.416749,-61.36413,228343389,4526155,,,,,False,False,DM
2021-11-29,DOM,Dominican Republic,18.736509,-70.161744,228343389,4526155,,,,,False,False,DO
2021-11-21,TLS,East Timor,-8.79973,125.677345,232645508,4708313,0,227937195,0,0,False,False,TL
2021-11-29,ECU,Ecuador,-1.779901,-78.131592,228343389,4526155,,,,,False,False,EC
2021-11-29,EGY,Egypt,26.696362,30.246486,228343389,4526155,,,,,False,False,EG
2021-11-29,SLV,El Salvador,13.796873,-88.910412,228343389,4526155,,,,,False,False,SV
2021-11-29,GNQ,Equatorial Guinea,1.633925,10.341295,228343389,4526155,,,,,False,False,GQ
2021-11-29,ERI,Eritrea,15.18132,39.786709,228343389,4526155,,,,,False,False,ER
2021-11-29,EST,Estonia,58.596209,25.023778,221860,,,,,,True,True,EE
2021-11-29,ETH,Ethiopia,9.148086,40.493059,228343389,4526155,,,,,False,False,ET
2021-11-21,FRO,Faeroe Islands,61.897846,-6.928791,232645508,4708313,0,227937195,0,0,False,False,
2021-11-29,FLK,Falkland Islands (Malvinas),-51.800581,-59.528839,228343389,4526155,,,,,False,False,FK
2021-11-29,FJI,Fiji,-16.578041,178.416339,228343389,4526155,,,,,False,False,FJ
2021-11-29,FIN,Finland,64.952416,26.068944,185624,846,0,184778,,,True,True,FI
2021-11-29,FRA,France,46.232193,2.209667,228343389,4526155,,,,,True,True,FR
2021-11-29,GUF,French Guiana,3.951795,-53.07823,228343389,4526155,,,,,False,False,
2021-11-29,PYF,French Polynesia,-17.778572,-143.903496,228343389,4526155,,,,,False,False,PF
2021-11-29,GAB,Gabon,-0.828097,11.598909,228343389,4526155,,,,,False,False,GA
2021-11-29,GMB,Gambia,13.445411,-15.311436,228343389,4526155,,,,,False,False,GM
2021-11-29,GEO,Georgia,42.319847,43.368055,228343389,4526155,,,,,False,False,GE
2021-11-30,DEU,Germany,51.165706,10.452764,5836815,101344,4893300,842171,,,True,True,DE
2021-11-29,GHA,Ghana,7.955012,-1.03182,228343389,4526155,,,,,False,False,GH
2021-11-29,GIB,Gibraltar,36.132235,-5.352273,228343389,4526155,,,,,False,False,GI
2021-11-29,GRC,Greece,38.275283,23.810343,228343389,4526155,,,,,True,True,EL
2021-11-29,GRL,Greenland,71.702379,-42.177174,228343389,4526155,,,,,False,False,
2021-11-29,GRD,Grenada,12.152588,-61.689557,228343389,4526155,,,,,False,False,GD
2021-11-29,GLP,Guadeloupe,16.192207,-61.272382,228343389,4526155,,,,,False,False,
2021-11-29,GUM,Guam,13.446472,144.786613,228343389,4526155,,,,,False,False,GU
2021-11-29,GTM,Guatemala,15.776261,-90.229744,228343389,4526155,,,,,False,False,GT
2021-11-29,GGY,Guernsey,49.575693,-2.42318,228343389,4526155,,,,,False,False,GG
2021-11-29,GIN,Guinea,9.934887,-11.283845,228343389,4526155,,,,,False,False,GN
2021-11-21,GNB,Guinea Bissau,11.802527,-15.177029,232645508,4708313,0,227937195,0,0,False,False,GW
2021-11-29,GUY,Guyana,4.866324,-58.932507,228343389,4526155,,,,,False,False,GY
2021-11-29,HTI,Haiti,19.054426,-73.045971,228343389,4526155,,,,,False,False,HT
2021-11-29,VAT,Holy See,41.903859,12.452041,228343389,4526155,,,,,False,False,
2021-11-29,HND,Honduras,14.746333,-86.253097,228343389,4526155,,,,,False,False,HN
2021-11-29,HUN,Hungary,47.164638,19.508944,1096718,34326,877251,185141,7438,538,True,True,HU
2021-11-29,ISL,Iceland,64.963942,-19.021169,228343389,4526155,,,,,False,True,IS
2021-11-29,IND,India,21.125681,82.794998,228343389,4526155,,,,,False,False,IN
2021-11-29,IDN,Indonesia,-2.518722,118.015568,228343389,4526155,,,,,False,False,ID
2021-11-21,IRN,Iran,32.420653,53.682375,232645508,4708313,0,227937195,0,0,False,False,IR
2021-11-29,IRQ,Iraq,33.223737,43.685901,228343389,4526155,,,,,False,False,IQ
2021-11-29,IRL,Ireland,53.41975,-8.240472,564657,5652,,,20377,2158,True,True,IE
2021-11-29,IMN,Isle of Man,54.23782,-4.555111,228343389,4526155,,,,,False,False,IM
2021-11-29,ISR,Israel,31.418388,35.073541,228343389,4526155,,,,,False,False,IL
2021-11-29,ITA,Italy,41.873987,12.564167,5015790,133739,4692408,189643,5804,669,True,True,IT
2021-11-29,JAM,Jamaica,18.115265,-77.27348,228343389,4526155,,,,,False,False,JM
2021-11-29,JPN,Japan,34.886306,134.379711,228343389,4526155,,,,,False,False,JP
2021-11-29,JEY,Jersey,49.217445,-2.141056,228343389,4526155,,,,,False,False,JE
2021-11-29,JOR,Jordan,31.276778,37.130583,228343389,4526155,,,,,False,False,JO
2021-11-29,KAZ,Kazakhstan,48.193764,66.902264,228343389,4526155,,,,,False,False,KZ
2021-11-29,KEN,Kenya,0.170945,37.903969,228343389,4526155,,,,,False,False,KE
2021-11-29,KIR,Kiribati,-3.358734,9.670395,228343389,4526155,,,,,False,False,
2021-11-21,XKX,Kosovo,41.85637,21.803351,232645508,4708313,0,227937195,0,0,False,False,XK
2021-11-29,KWT,Kuwait,29.310278,47.493515,228343389,4526155,,,,,False,False,KW
2021-11-29,KGZ,Kyrgyzstan,41.205528,74.779888,228343389,4526155,,,,,False,False,KG
2021-11-21,LAO,Laos,18.205208,103.895043,232645508,4708313,0,227937195,0,0,False,False,LA
2021-11-29,LVA,Latvia,56.875584,24.607722,252728,4155,,,,,True,True,LV
2021-11-29,LBN,Lebanon,33.872639,35.876736,228343389,4526155,,,,,False,False,LB
2021-11-29,LSO,Lesotho,-29.620511,28.247414,228343389,4526155,,,,,False,False,LS
2021-11-29,LBR,Liberia,6.452424,-9.428598,228343389,4526155,,,,,False,False,LR
2021-11-29,LBY,Libya,26.338522,17.268816,228343389,4526155,,,,,False,False,LY
2021-11-29,LIE,Liechtenstein,47.164696,9.555,228343389,4526155,,,,,False,False,LI
2021-11-28,LTU,Lithuania,55.174112,23.906736,468494,6719,432559,29216,,,True,True,LT
2021-11-28,LUX,Luxembourg,49.815764,6.131514,89010,874,,,,,True,True,LU
2021-11-29,MDG,Madagascar,-18.777192,46.854328,228343389,4526155,,,,,False,False,MG
2021-11-29,MWI,Malawi,-13.24627,34.295385,228343389,4526155,,,,,False,False,MW
2021-11-29,MYS,Malaysia,4.109319,109.455475,228343389,4526155,,,,,False,False,MY
2021-11-29,MDV,Maldives,3.202833,73.165249,228343389,4526155,,,,,False,False,MV
2021-11-29,MLI,Mali,17.579757,-3.998823,228343389,4526155,,,,,False,False,ML
2021-11-28,MLT,Malta,35.946151,14.384612,39236,468,37292,1476,,,True,True,MT
2021-11-29,MHL,Marshall Islands,10.10382,168.728363,228343389,4526155,,,,,False,False,
2021-11-29,MTQ,Martinique,14.635541,-61.022814,228343389,4526155,,,,,False,False,
2021-11-29,MRT,Mauritania,21.00681,-10.947098,228343389,4526155,,,,,False,False,MR
2021-11-29,MUS,Mauritius,-15.422486,60.006449,228343389,4526155,,,,,False,False,MU
2021-11-29,MYT,Mayotte,-12.824511,45.165455,228343389,4526155,,,,,False,False,
2021-11-29,MEX,Mexico,23.624813,-102.57867,228343389,4526155,,,,,False,False,MX
2021-11-28,MDA,Moldova,46.979527,28.377195,362433,9069,346629,6735,,,False,False,MD
2021-11-29,MCO,Monaco,43.738348,7.424451,228343389,4526155,,,,,False,False,MC
2021-11-29,MNG,Mongolia,46.860945,103.836986,228343389,4526155,,,,,False,False,MN
2021-11-29,MNE,Montenegro,42.710152,19.410069,157085,2300,,,0,,False,True,ME
2021-11-29,MSR,Montserrat,16.749415,-62.192741,228343389,4526155,,,,,False,False,MS
2021-11-29,MAR,Morocco,31.792306,-7.080168,228343389,4526155,,,,,False,False,MA
2021-11-29,MOZ,Mozambique,-18.670284,35.530157,228343389,4526155,,,,,False,False,MZ
2021-11-21,MMR,"Myanmar, Union of",19.163916,96.68303,232645508,4708313,0,227937195,0,0,False,False,MM
2021-11-29,NAM,Namibia,-22.965662,18.486165,228343389,4526155,,,,,False,False,NA
2021-11-29,NRU,Nauru,-0.52832,166.922157,228343389,4526155,,,,,False,False,NR
2021-11-29,NPL,Nepal,28.395056,84.127803,228343389,4526155,,,,,False,False,NP
2021-11-29,NLD,Netherlands,52.133057,5.29525,2621022,25487,0,2595535,47358,0,True,True,NL
2021-11-29,NCL,New Caledonia,-21.123889,165.846901,228343389,4526155,,,,,False,False,NC
2021-11-29,NZL,New Zealand,-40.9006,174.886,228343389,4526155,,,,,False,False,NZ
2021-11-29,NIC,Nicaragua,12.866726,-85.214298,228343389,4526155,,,,,False,False,NI
2021-11-29,NER,Niger,17.611,8.080946,228343389,4526155,,,,,False,False,NE
2021-11-29,NGA,Nigeria,9.084575,8.674252,228343389,4526155,,,,,False,False,NG
2021-11-29,NIU,Niue,-19.051631,-169.86309,228343389,4526155,,,,,False,False,
2021-11-29,MKD,North Macedonia,41.611,21.751417,228343389,4526155,,,,,False,True,MK
2021-11-21,MNP,Northern Mariana Islands,17.331835,145.47577,232645508,4708313,0,227937195,0,0,False,False,MP
2021-11-29,NOR,Norway,64.583013,17.86411,256278,1050,0,255228,6146,1168,False,True,NO
2021-11-29,OMN,Oman,21.516861,55.859291,228343389,4526155,,,,,False,False,OM
2021-11-29,PAK,Pakistan,30.441861,69.359766,228343389,4526155,,,,,False,False,PK
2021-11-29,PLW,Palau,5.63663,132.920475,228343389,4526155,,,,,False,False,PW
2021-11-21,PSE,Palestine,31.881464,34.894978,232645508,4708313,0,227937195,0,0,False,False,PS
2021-11-29,PAN,Panama,8.41771,-80.112777,228343389,4526155,,,,,False,False,PA
2021-11-29,PNG,Papua New Guinea,-6.48825,148.403152,228343389,4526155,,,,,False,False,PG
2021-11-29,PRY,Paraguay,-23.451389,-58.453215,228343389,4526155,,,,,False,False,PY
2021-11-29,PER,Peru,-9.181352,-75.002365,228343389,4526155,,,,,False,False,PE
2021-11-29,PHL,Philippines,12.881958,121.76654,228343389,4526155,,,,,False,False,PH
2021-11-29,POL,Poland,51.92275,19.136875,3520961,83055,3022771,415135,,,True,True,PL
2021-11-29,PRT,Portugal,39.553444,-7.839319,228343389,4526155,,,,,True,True,PT
2021-11-29,PRI,Puerto Rico,18.223285,-66.592731,228343389,4526155,,,,,False,False,PR
2021-11-29,QAT,Qatar,25.318833,51.19693,228343389,4526155,,,,,False,False,QA
2021-11-29,REU,Réunion,-21.114533,55.532062,228343389,4526155,,,,,False,False,
2021-11-29,ROU,Romania,45.947125,24.980514,1764958,56382,,,,,True,True,RO
2021-10-15,RUS,Russian Fed.,61.523111,-74.9,7925176,223429,6960024,741723,0,0,False,False,RU
2021-11-29,RWA,Rwanda,-1.94708,29.876376,228343389,4526155,,,,,False,False,RW
2021-11-29,SHN,Saint Helena,-11.953679,-10.029991,228343389,4526155,,,,,False,False,
2021-11-29,KNA,Saint Kitts and Nevis,17.257731,-62.706413,228343389,4526155,,,,,False,False,KN
2021-11-29,LCA,Saint Lucia,13.904011,-60.974176,228343389,4526155,,,,,False,False,LC
2021-11-29,SPM,Saint Pierre and Miquelon,46.966164,-56.336825,228343389,4526155,,,,,False,False,
2021-11-29,VCT,Saint Vincent and the Grenadines,12.980909,-61.287392,228343389,4526155,,,,,False,False,VC
2021-11-21,BLM,Saint-Barthélemy,17.903496,-62.831448,232645508,4708313,0,227937195,0,0,False,False,BL
2021-11-29,WSM,Samoa,-13.736573,-172.10717,228343389,4526155,,,,,False,False,
2021-11-29,SMR,San Marino,43.942973,12.460035,228343389,4526155,,,,,False,False,SM
2021-11-29,STP,Sao Tome and Principe,0.863044,6.968272,228343389,4526155,,,,,False,False,ST
2021-11-29,SAU,Saudi Arabia,23.886291,45.081139,228343389,4526155,,,,,False,False,SA
2021-11-29,SEN,Senegal,14.499454,-14.445562,228343389,4526155,,,,,False,False,SN
2021-11-29,SRB,Serbia,44.206802,20.911009,228343389,4526155,,,,,False,True,RS
2021-11-29,SYC,Seychelles,-7.018792,51.242138,228343389,4526155,,,,,False,False,SC
2021-11-29,SLE,Sierra Leone,8.464806,-11.795935,228343389,4526155,,,,,False,False,SL
2021-11-29,SGP,Singapore,1.364917,103.822872,228343389,4526155,,,,,False,False,SG
2021-11-21,SXM,Sint Maarten (Dutch part),18.04097,-63.078516,232645508,4708313,0,227937195,0,0,False,False,SX
2021-10-19,SVK,Slovakia,48.665639,19.709097,458800,12864,,,980,108,True,True,SK
2021-09-26,SVN,Slovenia,46.145528,14.974541,289951,4862,15315,269774,426,108,True,True,SI
2021-11-29,SLB,Solomon Islands,-9.220083,161.244735,228343389,4526155,,,,,False,False,SB
2021-11-29,SOM,Somalia,5.152149,46.199616,228343389,4526155,,,,,False,False,SO
2021-11-29,ZAF,South Africa,-28.48322,24.676997,228343389,4526155,,,,,False,False,ZA
2021-11-21,KOR,South Korea,35.901696,127.735889,232645508,4708313,0,227937195,0,0,False,False,KR
2021-11-29,SSD,South Sudan,7.856272,30.040413,228343389,4526155,,,,,False,False,SS
2021-11-24,ESP,Spain,39.896027,-2.487694,5111842,87904,,,3172,562,True,True,ES
2021-11-29,LKA,Sri Lanka,7.874097,80.767098,228343389,4526155,,,,,False,False,LK
2021-11-29,SDN,Sudan,15.45847,30.217636,228343389,4526155,,,,,False,False,SD
2021-11-29,SUR,Suriname,3.917846,-56.032028,228343389,4526155,,,,,False,False,SR
2021-11-25,SWE,Sweden,62.199806,17.637493,1198848,15145,,,,7978,True,True,SE
2021-11-29,CHE,Switzerland,46.815514,8.224472,990748,11648,140562,838538,1142,210,False,False,CH
2021-11-29,SYR,Syrian Arab Republic,34.814902,39.056126,228343389,4526155,,,,,False,False,SY
2021-11-21,TWN,Taiwan,21.901806,121.471,232645508,4708313,0,227937195,0,0,False,False,TW
2021-11-29,TJK,Tajikistan,38.858194,71.26218,228343389,4526155,,,,,False,False,TJ
2021-11-21,TZA,Tanzania,-6.368216,34.885195,232645508,4708313,0,227937195,0,0,False,False,TZ
2021-11-29,THA,Thailand,13.036597,101.492515,228343389,4526155,,,,,False,False,TH
2021-11-29,TGO,Togo,8.621697,0.829685,228343389,4526155,,,,,False,False,TG
2021-11-29,TKL,Tokelau,-8.967362,-171.855881,228343389,4526155,,,,,False,False,
2021-11-29,TON,Tonga,-18.509023,-174.794922,228343389,4526155,,,,,False,False,
2021-11-29,TTO,Trinidad and Tobago,10.687223,-61.220852,228343389,4526155,,,,,False,False,TT
2021-11-29,TUN,Tunisia,33.892166,9.561556,228343389,4526155,,,,,False,False,TN
2021-11-29,TUR,Turkey,38.961516,35.25175,228343389,4526155,,,,,False,True,TR
2021-11-29,TKM,Turkmenistan,38.968319,59.562873,228343389,4526155,,,,,False,False,TM
2021-11-29,TCA,Turks and Caicos Islands,21.692252,-71.803756,228343389,4526155,,,,,False,False,TC
2021-11-29,TUV,Tuvalu,-8.221571,177.964073,228343389,4526155,,,,,False,False,TV
2021-11-29,UGA,Uganda,1.365188,32.304651,228343389,4526155,,,,,False,False,UG
2021-11-18,UKR,Ukraine,48.379888,31.168139,3284008,79506,2704217,500285,,,False,False,UA
2021-11-29,ARE,United Arab Emirates,24.358745,53.982494,228343389,4526155,,,,,False,False,AE
2021-11-29,GBR,United Kingdom,54.633221,-3.432277,10189069,144810,0,10044259,,,False,True,UK
2021-11-29,USA,United States of America,36.966428,-95.844032,228343389,4526155,,,,,False,False,US
2021-11-29,VIR,United States Virgin Islands,18.036736,-64.801704,228343389,4526155,,,,,False,False,VI
2021-11-29,URY,Uruguay,-32.53152,-55.758328,228343389,4526155,,,,,False,False,UY
2021-11-29,UZB,Uzbekistan,41.379722,64.564459,228343389,4526155,,,,,False,False,UZ
2021-11-29,VUT,Vanuatu,-16.661195,168.214882,228343389,4526155,,,,,False,False,VU
2021-11-21,VEN,Venezuela,6.414107,-66.578926,232645508,4708313,0,227937195,0,0,False,False,VE
2021-11-21,VNM,Vietnam,15.974222,105.806431,232645508,4708313,0,227937195,0,0,False,False,VN
2021-11-21,ESH,Western Sahara,24.221916,-12.886729,232645508,4708313,0,227937195,0,0,False,False,EH
2021-11-21,WWW,Whole Globe,0,0,232645508,4708313,0,227937195,0,0,False,False,
2021-11-29,YEM,Yemen,15.555545,48.531539,228343389,4526155,,,,,False,False,YE
2021-11-29,ZMB,Zambia,-13.151917,27.852537,228343389,4526155,,,,,False,False,ZM
2021-11-29,ZWE,Zimbabwe,-19.013286,29.146667,228343389,4526155,,,,,False,False,ZW
